105,98,125,214,74,238,37,0,135,232,221,137,215,250,116,144
157,254,167,81,235,110,244,92,115,177,25,131,250,50,179,198
254,53,174,47,110,17,116,131,73,160,102,10,126,243,210,153
175,85,240,34,57,179,161,14,172,179,169,137,115,182,82,232
121,33,204,124,99,218,54,186,57,86,136,140,35,190,132,25
86,68,226,173,36,196,254,115,178,135,166,9,34,36,229,137
164,197,161,176,228,137,181,215,75,246,207,147,214,14,172,187
177,52,110,46,104,211,225,148,0,112,247,223,64,173,214,99
74,150,192,215,215,10,55,144,131,15,154,250,204,134,186,142
165,193,138,219,208,232,179,228,33,45,251,53,238,14,33,134
162,181,196,208,37,69,163,38,195,69,44,124,212,54,163,102
187,11,243,69,40,4,124,216,120,135,88,146,68,190,184,138
188,233,39,17,222,67,137,144,188,70,74,57,10,86,191,186
134,254,43,241,41,177,125,255,216,250,249,151,106,39,128,135
146,232,67,116,69,185,207,251,26,24,38,141,183,246,188,199
112,79,126,83,72,125,204,5,96,151,243,107,30,238,175,34
34,71,98,69,8,24,224,20,1,28,52,56,229,46,114,241
45,75,157,116,247,58,203,238,238,37,122,126,34,8,207,207
129,197,211,187,42,12,192,149,135,155,240,196,228,48,92,179
124,156,64,105,64,136,202,117,145,42,137,80,113,173,203,245
147,152,41,186,13,185,255,105,104,245,196,52,156,190,112,39
62,214,150,10,50,61,248,81,55,17,46,195,164,31,201,67
63,130,93,16,131,255,27,100,169,95,188,0,246,26,32,65
172,175,207,223,18,222,113,134,192,28,17,239,119,132,190,131
183,100,83,89,11,82,71,194,238,123,163,160,20,30,192,62
50,39,12,149,133,140,102,142,164,219,224,71,137,87,137,62
118,20,232,177,143,124,241,34,149,240,35,176,240,24,233,205
156,5,60,243,180,203,131,171,163,185,117,161,83,196,183,191
157,254,242,169,140,106,135,42,191,187,8,139,51,20,215,211
16,154,17,170,9,212,106,201,30,48,32,11,212,71,240,194
53,11,135,88,229,17,236,63,160,143,39,131,129,137,204,213
157,160,154,204,28,214,135,17,17,241,66,78,155,249,162,24
134,39,176,225,35,94,197,188,180,248,27,176,116,234,6,66
153,151,155,3,145,245,121,176,65,192,238,164,130,252,66,31
110,233,86,0,96,110,145,72,143,121,111,85,30,147,94,100
143,175,23,171,193,69,185,234,184,250,207,13,88,33,69,157
255,203,62,22,136,85,221,38,180,210,253,62,89,112,21,136
239,8,155,131,252,218,45,192,37,75,161,39,25,160,130,44
106,98,226,148,242,204,83,141,212,43,84,190,220,173,203,246
220,111,63,41,117,45,31,108,238,10,134,12,39,131,94,57
24,132,169,0,98,162,230,20,166,102,70,86,41,253,84,195
145,178,164,49,186,171,81,153,154,217,195,14,16,203,72,111
162,157,146,38,196,236,10,184,153,19,27,99,237,175,193,111
78,250,94,250,15,231,42,62,233,232,88,128,169,37,43,218
173,113,172,255,139,252,20,208,248,81,94,60,162,117,103,1
148,16,86,152,77,206,206,223,144,7,19,162,244,189,89,191
35,214,71,192,193,1,229,31,166,31,174,189,248,237,212,182
164,102,194,79,60,128,141,161,186,197,81,112,230,253,4,36
181,2,174,205,203,198,175,189,186,114,24,236,87,15,166,102
237,126,205,131,98,252,101,208,3,241,131,163,23,201,212,23
171,176,84,66,119,14,82,128,192,122,242,34,91,244,75,221
198,146,74,46,226,171,169,75,222,186,86,13,56,143,51,111
113,222,58,12,37,45,86,38,65,186,253,39,111,206,127,250
147,135,6,13,42,180,140,127,101,100,210,127,20,2,169,196
62,102,138,3,209,98,131,250,230,114,76,90,235,91,50,182
146,165,213,139,7,46,20,23,96,55,143,130,92,153,232,90
175,58,169,22,80,169,111,2,232,211,248,166,14,74,133,0
79,161,198,115,218,170,27,243,142,241,45,224,158,96,77,6
57,225,185,230,46,142,246,98,11,101,131,91,161,254,231,158
36,128,53,101,35,148,124,13,232,135,135,168,20,158,179,252
191,108,90,70,136,76,13,79,144,103,8,179,224,237,66,160
192,78,72,166,216,179,184,173,180,53,217,144,136,167,219,136
14,246,156,138,67,25,225,56,170,216,193,118,202,0,179,242
208,63,197,107,206,53,94,113,133,19,102,141,82,168,174,52
149,78,178,155,98,183,245,76,186,246,96,13,119,211,187,45
134,124,65,133,117,160,201,16,9,7,182,11,255,242,41,78
96,72,151,169,221,160,92,190,10,253,68,138,72,62,203,133
240,171,95,208,136,119,143,220,13,170,198,20,202,118,124,110
88,188,71,107,19,247,145,87,99,244,227,212,50,32,38,250
182,220,183,68,158,79,128,34,36,225,140,204,120,213,255,26
198,66,38,2,254,162,17,252,145,129,117,79,234,139,197,235
255,64,91,196,170,137,13,3,84,200,6,68,21,132,79,174
189,194,212,50,16,137,67,208,36,44,146,21,248,163,35,229
144,118,123,47,63,236,99,160,17,92,139,67,120,54,150,158
45,92,114,52,246,180,240,100,190,193,236,119,30,82,232,9
191,181,118,25,14,241,121,210,21,190,51,49,67,233,150,76
26,240,18,233,56,254,51,46,255,6,152,170,6,148,41,56
162,250,215,3,255,200,27,211,177,74,84,127,249,205,64,20
235,194,220,84,190,47,80,30,220,222,162,32,132,219,8,77
60,168,172,179,56,216,168,22,153,243,101,56,223,186,246,246
86,239,25,158,140,94,224,142,233,26,15,93,83,244,139,37
226,88,53,0,238,7,22,238,123,157,24,239,121,157,30,91
0,249,154,211,69,91,225,11,88,16,113,101,74,184,0,93
27,69,227,165,12,150,128,165,48,220,228,193,32,246,205,247
219,201,70,25,92,3,110,79,175,104,240,136,226,134,211,50
55,49,254,136,64,174,116,133,61,31,146,45,59,132,224,143
118,185,244,206,124,192,1,138,129,57,138,38,212,238,117,207
163,190,245,245,227,66,78,229,15,83,116,188,6,168,184,217
68,62,180,225,41,183,147,10,132,223,46,51,247,197,28,135
92,136,52,104,116,149,229,83,46,81,187,246,34,151,246,97
213,25,82,41,170,48,58,135,253,6,244,72,186,246,46,154
67,11,172,218,226,42,121,2,112,238,119,14,208,2,102,45
124,206,116,145,220,54,217,102,176,82,112,161,224,254,144,29
71,26,161,122,164,165,103,198,123,4,133,204,60,55,236,80
29,71,148,67,7,201,83,223,109,0,239,240,72,208,105,74
204,134,80,45,146,79,197,250,51,89,133,69,10,147,18,66
76,147,177,114,31,230,5,179,225,37,139,116,108,42,37,90
118,9,62,50,193,212,4,139,183,35,155,136,51,218,218,14
18,89,48,153,155,80,29,6,201,113,103,195,229,29,40,104
81,113,125,135,26,72,65,130,202,135,11,106,103,62,58,144
248,3,132,189,151,165,55,195,222,8,140,37,92,162,215,172
193,166,178,23,108,40,176,187,22,59,5,41,117,38,141,82
75,180,25,91,155,233,77,128,36,90,194,26,59,236,53,220
201,18,230,42,167,59,87,181,195,123,50,43,186,49,7,143
176,43,137,242,43,216,121,223,120,49,24,221,43,124,79,200
91,89,168,213,69,253,201,124,12,24,37,63,224,34,87,80
190,30,102,236,98,166,61,246,195,52,117,4,132,244,40,244
144,55,26,20,63,191,181,229,74,121,234,137,23,22,137,41
243,66,198,92,137,114,186,151,60,166,60,125,179,156,115,83
41,25,88,3,171,108,123,211,119,130,37,14,126,44,34,200
197,18,63,206,98,84,182,232,121,102,27,188,51,47,184,49
160,62,74,123,247,249,209,120,211,59,100,156,109,75,21,107
4,103,24,148,88,128,201,80,136,224,58,148,66,123,8,64
234,10,232,236,92,145,92,205,96,174,82,235,59,215,50,132
55,149,81,58,102,242,246,95,160,226,76,13,129,30,239,138
129,153,27,223,97,229,170,159,158,12,82,225,248,210,78,99
78,132,127,51,130,101,198,249,126,78,236,186,171,21,201,11
114,129,116,71,111,231,3,206,229,227,164,250,241,150,212,6
39,119,126,149,125,178,143,125,51,50,237,202,64,213,94,144
5,0,63,136,146,28,76,211,216,242,169,208,164,10,116,180
61,181,172,195,248,198,184,90,143,72,174,22,222,76,51,36
22,228,44,172,7,220,119,2,22,102,169,20,136,31,194,162
78,150,15,248,250,181,78,158,234,25,194,122,36,50,199,138
164,210,254,223,240,103,2,138,184,130,73,15,189,51,93,233
10,42,145,193,75,165,101,16,66,228,172,161,154,138,6,75
4,53,143,169,89,156,3,232,154,62,152,37,103,70,179,150
126,88,131,76,192,221,38,86,34,12,5,1,155,10,12,89
78,162,68,84,241,125,28,6,131,24,107,73,172,251,133,170
133,245,67,156,182,212,105,108,66,80,132,68,42,100,63,251
250,224,40,226,20,10,219,142,161,240,130,185,202,246,51,46
16,220,152,62,98,166,212,206,26,233,69,214,159,139,172,66
3,248,95,62,134,50,92,206,236,97,200,125,245,88,140,21
213,115,34,44,98,183,113,74,35,199,230,28,156,200,22,92
103,141,140,79,60,90,143,12,191,202,149,96,19,11,26,193
39,129,203,104,52,109,242,193,170,40,41,250,232,113,32,209
35,203,46,82,246,146,181,144,135,75,181,53,0,203,216,69
128,87,187,140,110,80,15,188,171,39,26,10,42,125,249,164
171,129,124,195,5,16,254,53,153,193,185,164,113,248,16,130
34,143,90,16,205,8,72,243,148,61,252,156,167,191,100,22
122,216,59,205,47,2,50,251,194,203,81,111,222,57,196,129
236,205,21,70,224,254,249,79,114,60,131,84,9,235,69,81
79,177,81,123,199,247,63,29,82,12,188,58,62,76,223,154
222,228,118,96,59,131,41,49,236,187,68,52,39,170,217,75
224,112,159,5,84,205,34,17,13,147,103,97,184,202,164,213
236,216,28,28,235,152,50,12,106,7,80,240,105,215,8,168
173,14,115,13,30,242,144,208,47,199,140,212,44,236,158,78
238,179,83,127,149,207,185,3,74,219,17,173,189,183,153,113
193,216,95,194,106,247,41,243,83,237,14,105,229,242,235,35
59,41,229,80,136,46,253,148,3,94,16,132,77,77,89,192
255,25,9,27,245,160,83,120,191,71,162,243,224,195,176,152
30,227,186,8,121,166,139,236,21,17,217,34,54,250,176,212
242,90,249,29,51,96,226,141,3,153,164,230,162,203,37,52
5,117,94,253,89,104,74,148,255,167,177,13,113,209,255,228
8,100,56,207,243,61,150,63,83,244,135,5,229,236,236,203
41,226,185,77,49,209,21,11,178,244,46,95,213,191,60,118
148,110,71,213,81,241,55,135,196,101,35,2,154,178,103,141
126,41,105,151,138,55,36,164,100,10,171,104,120,36,135,69
40,91,131,78,94,131,71,245,137,110,30,66,2,24,28,91
97,217,24,173,32,63,147,165,222,242,140,130,138,55,87,245
220,205,122,15,215,79,210,233,186,135,79,212,19,254,126,43
72,9,57,111,246,31,250,34,215,79,4,200,159,170,101,55
120,106,29,128,79,33,99,195,205,83,6,236,65,224,0,167
207,56,42,91,164,207,114,211,22,241,216,205,135,253,170,215
70,75,132,89,215,205,36,252,252,106,172,141,23,167,146,12
170,79,111,30,9,199,178,202,186,213,60,72,143,66,170,26
227,61,188,194,33,143,189,49,94,129,31,188,162,212,103,11
96,171,3,196,157,57,254,159,49,166,158,206,97,159,78,224
224,82,224,118,179,44,81,189,206,90,231,46,91,200,253,121
48,221,92,123,20,195,51,187,138,140,53,221,137,206,18,162
169,69,160,21,45,196,130,164,48,237,0,175,56,243,237,194
24,150,61,172,67,169,254,125,68,6,155,152,112,164,231,170
242,175,123,10,154,100,148,137,226,177,56,138,67,49,98,77
152,69,121,180,165,7,36,149,142,245,24,92,149,73,233,99
240,142,169,155,173,247,139,12,133,117,158,200,128,10,154,6
179,80,217,167,203,60,146,42,252,89,33,190,169,226,250,119
208,70,123,37,192,223,73,153,202,107,75,251,223,196,174,143
91,214,255,111,202,146,184,68,99,74,188,36,29,202,147,87
169,48,208,1,174,224,120,207,206,213,250,240,75,15,180,19
82,198,235,166,189,65,42,120,185,70,52,37,39,232,234,89
109,101,73,143,32,183,29,237,8,234,42,219,132,99,138,53
198,245,171,39,72,36,138,231,99,95,28,36,8,158,120,17
135,199,250,204,215,27,130,27,161,237,13,51,153,48,222,90
172,174,45,152,73,142,26,90,88,65,135,210,172,212,72,65
144,92,51,65,32,121,186,12,194,72,111,131,56,204,223,133
234,5,230,157,121,226,44,117,114,12,12,196,72,130,86,116
232,95,0,19,114,162,229,93,128,46,26,73,151,151,87,99
73,90,209,87,70,43,173,38,121,64,244,80,162,13,69,81
139,139,215,121,46,95,34,250,12,58,120,224,132,111,172,31
83,224,198,153,11,115,254,8,230,73,44,165,102,7,146,241
7,71,77,110,159,166,135,205,98,168,220,45,228,101,141,168
121,163,24,11,20,81,212,83,186,146,98,184,112,22,89,45
62,60,237,198,57,42,3,90,80,80,244,119,180,240,17,183
141,14,104,33,217,240,24,130,20,10,85,54,115,59,223,18
157,1,138,131,241,162,185,219,170,50,17,26,59,252,211,110
235,176,155,209,191,72,142,43,152,230,103,133,187,82,48,213
98,18,238,209,58,153,48,208,103,214,50,59,204,246,71,80
186,7,227,48,90,38,251,176,9,198,121,178,56,60,241,146
150,103,145,173,252,172,79,142,136,149,230,85,78,185,108,200
174,225,253,135,99,49,113,193,123,132,51,168,126,80,163,139
187,82,68,98,135,111,37,248,102,57,52,176,180,77,250,13
