106,152,249,131,184,200,0,21,253,147,202,107,249,169,138,149
119,166,224,148,172,93,167,142,248,26,81,218,150,66,2,191
60,129,179,90,69,104,110,97,157,106,152,251,62,7,248,171
33,123,79,176,37,20,94,49,149,127,206,244,28,119,54,0
192,233,18,116,191,165,184,184,199,165,253,174,33,113,1,85
117,119,202,235,124,228,99,219,144,255,80,160,144,242,18,75
183,96,223,141,165,158,48,189,33,52,241,252,242,2,156,36
90,232,172,176,59,202,182,240,228,91,241,21,113,56,104,39
29,160,176,9,33,239,247,188,216,55,11,212,138,112,208,76
68,44,44,251,19,144,120,226,167,178,193,35,173,242,52,1
18,191,2,215,227,148,62,209,22,220,235,135,185,225,171,32
252,92,60,144,27,53,107,8,20,8,152,206,76,19,100,137
26,178,60,133,212,247,95,233,106,81,9,32,141,254,44,71
92,36,125,170,200,252,26,152,148,62,172,158,145,116,32,181
86,39,60,95,32,215,88,161,124,85,51,90,207,92,11,246
233,252,17,179,71,13,95,196,255,222,63,41,13,205,96,216
60,175,164,183,234,184,213,198,87,220,12,156,111,110,138,139
35,213,220,49,72,217,34,11,89,248,217,187,132,85,221,0
184,94,173,199,97,226,149,162,250,238,29,170,7,222,158,76
203,246,167,57,177,245,231,108,172,21,94,41,199,220,34,143
22,45,36,168,90,52,9,147,232,69,182,140,26,163,152,180
226,43,119,151,178,18,64,199,218,181,160,78,122,211,26,3
165,21,110,244,122,151,237,76,18,34,92,6,198,147,60,205
118,231,255,109,39,64,60,140,168,121,4,42,245,228,125,58
222,149,236,0,35,77,21,68,226,93,69,125,113,231,169,198
219,45,160,65,223,199,224,195,215,253,25,115,26,206,229,150
76,11,30,225,79,245,131,70,46,47,248,142,75,5,214,207
119,208,188,162,193,38,50,187,18,29,191,21,154,140,23,17
158,36,7,74,25,99,113,138,226,179,1,245,84,110,53,238
122,82,140,196,113,3,190,34,108,49,42,188,4,149,72,19
1,146,230,69,183,177,219,75,255,3,202,89,19,213,240,167
98,172,6,94,62,154,240,123,223,97,128,36,54,78,165,230
234,164,89,23,109,224,84,146,202,248,89,44,31,219,204,104
139,114,239,24,253,90,88,154,4,92,56,128,20,55,138,105
5,59,110,92,9,182,189,84,166,236,123,211,96,118,83,33
196,203,223,46,174,241,149,49,136,25,227,96,12,65,212,104
203,117,108,148,227,181,29,160,88,234,135,148,227,255,195,150
241,23,9,33,15,141,110,156,82,156,173,236,240,71,113,197
66,30,2,193,19,186,171,20,156,51,218,168,78,208,222,22
88,163,249,223,87,225,254,56,60,18,63,44,42,24,223,44
160,4,168,254,72,54,52,110,11,179,224,76,44,228,253,176
245,154,114,2,70,18,158,64,254,244,161,21,197,54,245,153
133,237,59,29,174,180,47,25,126,110,22,82,33,225,52,88
184,141,55,149,24,135,174,33,57,20,157,134,147,250,182,49
157,205,86,15,168,79,235,224,54,161,93,250,20,212,248,7
168,139,224,178,158,141,70,140,254,128,99,8,16,239,211,152
204,225,117,187,50,40,51,179,62,149,210,191,70,137,178,139
129,28,172,148,50,121,57,224,15,171,200,19,33,29,114,29
30,130,43,161,133,27,40,234,131,116,219,179,164,38,158,66
230,4,212,33,234,71,140,33,171,30,64,67,89,150,0,73
59,70,49,60,192,66,61,96,17,108,184,142,84,44,84,217
43,174,185,156,13,182,132,188,161,1,149,21,241,12,157,230
59,182,244,151,231,90,120,66,53,181,35,169,120,156,56,141
192,26,82,215,55,187,134,79,161,154,251,203,67,100,95,66
106,224,161,77,37,110,59,49,161,143,115,56,145,111,13,182
68,160,116,22,217,205,66,233,113,59,17,49,30,60,223,238
230,63,24,35,82,202,153,109,229,233,35,114,173,150,241,99
210,105,89,236,253,139,107,140,19,131,183,33,115,156,119,206
147,166,136,181,170,207,14,224,64,21,117,100,127,186,184,23
141,182,77,93,97,138,212,159,181,49,150,203,219,166,209,38
5,12,67,18,223,3,84,219,152,190,190,140,237,107,95,132
226,150,112,98,89,14,64,24,241,31,43,219,39,156,2,230
161,110,79,245,240,6,54,149,199,127,128,205,22,44,163,105
253,74,1,55,182,82,203,21,252,237,163,233,154,182,47,127
146,188,33,190,113,186,35,134,149,16,215,252,18,111,114,15
137,77,214,219,76,205,34,196,147,68,114,210,172,219,53,211
244,227,230,241,106,123,151,225,4,46,198,102,77,217,223,44
206,150,143,111,234,254,201,109,78,18,252,141,110,63,164,184
181,217,116,229,26,247,170,15,131,8,56,235,174,89,195,79
166,38,139,77,183,3,154,209,106,45,245,46,64,5,246,220
77,41,152,102,124,186,211,41,204,244,135,15,226,108,137,52
192,112,95,105,64,249,161,242,20,66,118,126,80,136,177,124
148,12,196,234,171,153,16,175,244,150,39,52,101,49,113,86
5,101,54,129,0,52,25,116,9,26,89,45,144,9,91,172
69,35,199,34,86,77,188,140,188,129,173,133,254,222,174,104
182,136,201,158,220,69,34,205,193,35,40,195,207,138,55,103
214,114,92,181,171,165,11,44,250,136,159,20,145,209,161,67
98,10,116,63,39,117,182,179,179,252,13,136,112,32,181,189
230,20,194,225,39,117,236,30,54,104,254,38,153,176,155,25
28,150,247,97,12,11,86,135,71,24,176,71,14,125,79,213
130,15,41,100,81,218,86,213,161,217,246,98,187,127,87,141
169,211,206,48,202,195,128,142,88,142,236,110,9,173,75,70
0,178,14,167,12,55,92,135,168,64,190,255,76,145,184,194
19,176,14,253,141,235,167,224,39,93,205,92,82,60,224,231
120,172,22,38,60,9,41,86,25,108,189,220,167,44,254,49
28,232,205,42,54,163,203,172,176,248,14,49,231,204,105,2
133,206,250,7,209,212,14,94,17,132,69,215,55,230,8,176
121,128,208,242,43,115,156,254,20,99,221,170,170,195,60,161
58,172,210,102,57,155,238,237,44,169,255,175,134,31,51,162
17,52,13,189,242,99,192,81,1,139,226,126,55,16,246,223
77,51,4,215,13,108,191,237,187,83,60,25,196,125,47,8
80,80,175,200,65,193,172,124,218,161,136,74,14,53,192,14
10,214,77,94,30,59,44,189,197,6,158,145,255,189,159,15
142,109,113,90,16,42,246,202,235,131,18,188,118,18,62,226
2,177,174,247,149,4,27,166,78,194,23,176,212,26,184,40
115,213,100,40,9,242,127,204,156,49,9,165,9,91,167,24
139,142,137,114,79,40,26,73,169,112,114,246,250,177,156,39
147,26,185,213,91,255,168,206,38,214,250,205,215,227,190,4
49,184,251,129,232,202,214,199,126,162,128,215,236,45,210,95
122,235,130,3,251,237,110,223,52,250,206,164,171,38,52,153
158,147,226,180,67,46,223,35,173,156,36,183,146,67,116,108
54,227,78,103,238,192,34,210,250,53,152,116,85,71,7,175
217,154,101,130,249,100,70,151,254,208,238,78,142,254,0,103
35,58,33,70,124,251,197,46,32,189,138,143,74,72,97,35
132,79,47,139,195,105,224,15,141,168,234,64,26,163,228,18
186,95,142,42,194,238,175,40,253,165,27,97,98,74,175,242
209,40,63,75,53,28,214,71,190,50,118,103,173,104,138,162
82,190,80,181,205,186,11,245,228,218,9,178,82,81,64,122
69,50,114,214,139,201,47,203,2,30,53,83,188,167,219,189
234,158,205,31,119,1,210,217,45,218,182,69,250,75,91,158
56,96,200,152,80,155,47,32,126,227,75,174,70,239,96,103
222,107,113,36,42,63,191,48,203,43,191,63,9,138,217,58
25,127,60,215,91,51,81,41,52,74,95,158,15,165,8,134
97,86,243,146,50,153,211,229,38,36,176,146,60,200,19,0
28,249,222,173,57,6,19,235,216,221,249,248,21,152,187,30
96,231,128,185,54,230,192,5,243,53,92,123,234,44,5,67
167,96,226,26,181,15,123,174,188,169,60,189,86,74,166,122
175,252,129,136,143,5,252,233,235,58,200,71,216,186,130,52
96,202,145,102,225,230,181,180,243,88,227,247,31,219,248,6
76,224,30,231,90,87,187,30,234,179,47,136,172,142,248,104
67,113,79,1,233,96,163,23,238,178,162,28,137,175,33,24
97,17,10,101,144,115,81,42,112,162,207,45,120,8,59,160
60,245,148,222,184,82,19,87,6,28,44,235,73,255,3,189
26,76,127,56,7,82,38,116,185,6,92,78,95,187,135,113
100,24,40,150,210,171,107,41,27,174,86,19,65,244,59,198
243,183,18,233,113,157,253,89,42,213,121,67,156,22,71,163
220,252,198,58,26,138,170,126,147,248,121,104,253,131,93,77
162,193,232,202,49,142,1,101,87,107,215,48,92,14,117,64
194,246,251,201,163,84,239,95,232,133,145,15,192,134,107,113
53,66,165,210,111,218,234,208,190,52,52,12,40,111,121,131
140,30,160,169,11,234,155,17,188,38,159,166,247,238,17,97
94,99,68,185,71,181,238,104,220,203,163,203,151,203,150,2
247,136,220,236,169,111,127,34,72,128,228,100,27,22,98,30
114,110,191,179,134,230,216,48,247,111,119,0,115,171,108,239
221,27,141,132,171,141,30,199,153,40,217,26,185,238,129,201
169,165,207,189,10,49,224,124,153,92,249,118,188,244,202,34
90,42,230,214,105,19,90,77,76,60,23,102,162,109,54,135
62,32,104,92,148,23,95,65,173,107,238,250,7,225,172,113
91,127,87,88,145,192,111,236,104,68,134,36,177,95,81,231
160,110,120,109,216,225,39,75,136,33,102,151,80,242,223,93
100,126,169,33,227,178,37,196,32,109,89,96,165,66,80,224
226,153,227,10,52,46,111,179,60,214,50,57,107,131,208,92
247,210,72,5,185,165,137,19,249,246,212,114,250,20,100,253
53,173,78,245,251,104,215,123,55,69,108,160,242,175,164,49
75,100,233,194,216,36,36,151,177,195,220,255,61,216,239,153
84,227,44,208,39,83,57,56,252,10,103,30,218,153,227,230
148,171,228,187,233,247,149,253,156,46,203,129,203,47,29,250
197,32,191,246,150,169,99,15,176,89,147,241,195,104,36,93
181,136,109,214,191,129,23,185,167,167,82,138,230,53,118,44
106,254,98,97,2,125,231,106,208,181,159,105,209,213,157,211
12,14,53,138,217,125,97,254,174,42,157,122,46,226,225,174
22,115,43,223,178,199,129,221,24,137,102,92,171,14,67,108
193,128,35,9,80,174,123,162,251,35,42,153,115,28,189,213
211,244,225,196,74,238,197,232,253,13,121,158,221,214,73,225
86,248,144,55,165,247,139,102,147,211,29,241,206,245,151,222
80,208,219,130,29,164,97,67,180,101,187,118,155,249,133,182
4,109,218,234,22,193,41,198,219,1,144,177,56,135,126,25
241,207,64,114,15,110,106,115,90,219,119,49,126,200,181,252
215,144,195,121,43,188,129,131,136,249,233,47,218,37,34,98
249,207,129,7,18,59,165,163,110,11,160,149,155,16,146,15
190,172,28,221,247,107,53,64,177,166,15,51,92,95,5,113
180,174,97,178,131,172,132,242,172,120,207,35,151,84,155,230
12,43,38,248,22,153,127,115,252,65,210,197,51,74,189,217
50,129,18,23,189,135,243,218,128,218,70,252,205,36,132,2
155,158,203,236,80,109,142,7,236,63,227,130,16,238,231,145
124,219,16,80,21,227,237,155,37,172,229,169,94,91,80,157
145,248,117,248,146,180,143,43,55,49,2,76,114,27,226,228
58,65,195,43,242,125,32,220,241,16,40,98,8,14,155,141
136,243,140,248,240,189,190,173,160,141,222,44,165,197,25,206
12,227,21,30,202,174,57,147,168,228,159,118,38,82,50,208
16,82,244,248,163,193,13,219,100,36,44,237,115,220,152,251
237,197,63,44,108,174,251,78,224,195,52,70,190,10,77,214
83,38,214,205,186,229,98,138,178,100,121,139,46,176,218,72
14,152,18,59,255,9,25,48,36,209,232,242,140,80,67,183
191,220,199,122,121,96,100,72,232,20,228,166,48,227,42,2
132,159,86,180,246,121,2,236,157,234,220,206,88,114,208,33
207,140,254,121,129,36,4,214,92,157,144,63,71,246,0,138
177,80,21,100,5,45,162,144,194,11,152,6,141,185,154,62
25,156,189,135,8,89,144,181,161,218,18,37,247,128,139,164
210,16,43,130,193,4,71,94,95,10,67,66,3,236,100,58
18,133,171,61,84,78,7,165,24,11,229,125,24,54,63,243
53,31,132,203,82,95,238,15,176,159,58,64,69,164,34,147
107,79,202,189,27,247,168,65,36,59,9,85,47,128,26,36
15,119,205,23,75,247,239,179,8,24,127,199,196,195,195,27
40,123,5,194,33,10,11,177,118,6,15,175,225,60,118,49
124,2,125,171,54,119,43,95,113,43,92,148,159,157,192,57
67,248,228,87,76,225,251,139,171,18,201,43,97,56,159,210
70,237,131,154,225,146,20,66,153,246,102,152,178,92,17,33
152,220,100,149,17,107,214,162,48,171,25,8,173,152,102,177
110,220,213,185,27,5,41,168,227,170,150,58,59,26,160,139
35,14,157,125,53,1,134,65,175,201,163,116,149,234,136,2
16,172,121,16,1,224,249,181,181,161,218,172,151,159,7,57
213,119,213,5,197,177,123,134,218,5,107,255,231,170,1,224
33,19,55,145,240,168,232,31,220,86,233,226,162,11,16,12
26,161,167,98,97,16,223,177,188,255,14,165,61,4,23,53
150,152,143,101,97,233,40,79,170,212,94,101,148,2,94,30
152,165,30,14,152,50,87,222,21,65,188,236,139,117,10,35
198,46,200,31,43,23,77,168,135,12,174,65,242,161,223,28
63,184,209,208,239,8,59,178,6,42,165,55,31,59,107,73
66,174,130,234,58,127,169,252,251,218,214,97,117,141,255,120
